model,mean_roc_auc
logreg,0.5222222222222223
rf,0.48888888888888893
svm,0.5666666666666668
