fold_id,best_params,roc_auc,average_precision,f1,accuracy,balanced_accuracy
1,"{""clf__C"": 1.0}",0.11111111111111112,0.41111111111111115,0.3333333333333333,0.3333333333333333,0.3333333333333333
2,"{""clf__C"": 10.0}",1.0,1.0,0.0,0.4,0.5
3,"{""clf__C"": 0.1}",0.5,0.5,0.0,0.6,0.5
4,"{""clf__C"": 0.1}",0.5,0.7,0.0,0.6,0.5
5,"{""clf__C"": 0.1}",0.5,0.5,0.0,0.4,0.3333333333333333
